patch_id,product,year,release_date,title,url,replaced_by,security_label,security_bugs,security_mentions_without_bug_id
PORTAL-FOR-ARCGIS-SECURITY-2019-UPDATE-2,Portal for ArcGIS,2021,2021-02-09,Portal for ArcGIS Security 2019 Update 2 Patch,https://support.esri.com/en-us/patches-updates/2019/portal-for-arcgis-security-2019-update-2-patch-7749,,yes,2,0
ARCGIS-DESKTOP-ENGINE-SERVER-GENERAL-RAS,ArcGIS Server,2021,2021-03-16,"ArcGIS (Desktop, Engine, Server) General Raster Security Patch",https://support.esri.com/en-us/patches-updates/2021/arcgis-desktop-engine-server-general-raster-security-pa-7869,,yes,0,0
ARCGIS-SERVER-MAP-AND-FEATURE-SERVICE-SE,ArcGIS Server,2021,2021-03-31,ArcGIS Server Map and Feature Service Security Patch,https://support.esri.com/en-us/patches-updates/2021/arcgis-server-map-and-feature-service-security-patch-7873,,yes,1,1
PORTAL-FOR-ARCGIS-OPERATIONS-DASHBOARD-S,Portal for ArcGIS,2021,2021-04-26,Portal for ArcGIS Operations Dashboard Security Patch,https://support.esri.com/en-us/patches-updates/2021/portal-for-arcgis-operations-dashboard-security-patch-7865,,yes,1,0
ARCGIS-GEOEVENT-SERVER-SECURITY-UPDATE-2,ArcGIS GeoEvent Server,2021,2021-04-29,ArcGIS GeoEvent Server Security Update 2021 Patch,https://support.esri.com/en-us/patches-updates/2021/arcgis-geoevent-server-security-update-2021-patch-7895,,yes,1,1
ARCGIS-SERVER-SECURITY-2021-UPDATE-1-PAT,ArcGIS Server,2021,2021-05-05,ArcGIS Server Security 2021 Update 1 Patch,https://support.esri.com/en-us/patches-updates/2021/arcgis-server-security-2021-update-1-patch-7879,,yes,6,0
ARCGIS-RUNTIME-LOCAL-SERVER-SDK-GENERAL-,ArcGIS Server,2021,2021-05-07,ArcGIS Runtime Local Server SDK General Security Patch.,https://support.esri.com/en-us/patches-updates/2021/arcgis-runtime-local-server-sdk-general-security-patch-7894,,yes,0,0
PORTAL-FOR-ARCGIS-SECURITY-2021-UPDATE-1,Portal for ArcGIS,2021,2021-07-13,Portal for ArcGIS Security 2021 Update 1 Patch,https://support.esri.com/en-us/patches-updates/2021/portal-for-arcgis-security-2021-update-1-patch-7899,,yes,3,0
ARCGIS-SERVER-SECURITY-2021-UPDATE-2-PAT,ArcGIS Server,2021,2021-09-23,ArcGIS Server Security 2021 Update 2 Patch,https://support.esri.com/en-us/patches-updates/2021/arcgis-server-security-2021-update-2-patch-7937,,yes,3,0
ARCGIS-SERVER-LOG4J-PATCH,ArcGIS Server,2022,2022-03-14,ArcGIS Server Log4j Patch,https://support.esri.com/en-us/patches-updates/2022/arcgis-server-log4j-patch-7977,,yes,1,0
ARCGIS-DATA-STORE-LOG4J,ArcGIS Data Store,2022,2022-03-15,ArcGIS Data Store Log4j,https://support.esri.com/en-us/patches-updates/2022/arcgis-data-store-log4j-7981,,yes,1,0
ARCGIS-GEOEVENT-SERVER-10-9-PATCH-1-WIND,ArcGIS GeoEvent Server,2022,2022-03-15,"ArcGIS GeoEvent Server 10.9 Patch 1 (Windows, Linux)",https://support.esri.com/en-us/patches-updates/2022/arcgis-geoevent-server-10-9-patch-1-windows-linux-7997,,yes,0,0
ARCGIS-GEOEVENT-SERVER-10-9-1-PATCH-1-WI,ArcGIS GeoEvent Server,2022,2022-03-15,"ArcGIS GeoEvent Server 10.9.1 Patch 1 (Windows, Linux)",https://support.esri.com/en-us/patches-updates/2022/arcgis-geoevent-server-10-9-1-patch-1-windows-linux-7998,,yes,2,0
ARCGIS-GEOEVENT-SERVER-10-8-1-PATCH-4-WI,ArcGIS GeoEvent Server,2022,2022-03-17,"ArcGIS GeoEvent Server 10.8.1 Patch 4 (Windows, Linux)",https://support.esri.com/en-us/patches-updates/2022/arcgis-geoevent-server-10-8-1-patch-4-windows-linux-8000,,yes,1,0
ARCGIS-GEOEVENT-SERVER-10-6-1-PATCH-3,ArcGIS GeoEvent Server,2022,2022-03-18,ArcGIS GeoEvent Server 10.6.1 Patch 3,https://support.esri.com/en-us/patches-updates/2022/arcgis-geoevent-server-10-6-1-patch-3-8002,,yes,1,0
ARCGIS-DATA-STORE-LOG4J-PATCH,ArcGIS Data Store,2022,2022-03-30,ArcGIS Data Store Log4j Patch,https://support.esri.com/en-us/patches-updates/2022/arcgis-data-store-log4j-patch-7985,,yes,1,0
ARCGIS-DATA-INTEROPERABILITY-FOR-SERVER-,ArcGIS Data Interoperability for Server,2022,2022-03-31,ArcGIS Data Interoperability for Server Log4j Patch,https://support.esri.com/en-us/patches-updates/2022/arcgis-data-interoperability-for-server-log4j-patch-8017,,yes,1,0
ARCGIS-WORKFLOW-MANAGER-SERVER-10-9-1-PA,ArcGIS Workflow Manager Server,2022,2022-04-05,ArcGIS Workflow Manager Server 10.9.1 Patch for Log4j,https://support.esri.com/en-us/patches-updates/2022/arcgis-workflow-manager-server-10-9-1-patch-for-log4j-8020,,yes,1,0
PORTAL-FOR-ARCGIS-LOG4J-PATCH,Portal for ArcGIS,2022,2022-04-20,Portal for ArcGIS Log4j Patch,https://support.esri.com/en-us/patches-updates/2022/portal-for-arcgis-log4j-patch-7969,,yes,1,0
ARCGIS-NOTEBOOK-SERVER-SECURITY-PATCH,ArcGIS Notebook Server,2022,2022-04-29,ArcGIS Notebook Server Security Patch,https://support.esri.com/en-us/patches-updates/2022/arcgis-notebook-server-security-patch-8010,,yes,1,1
ARCGIS-GEOENRICHMENT-SERVER-LOG4J-PATCH,ArcGIS GeoEnrichment Server,2022,2022-05-05,ArcGIS GeoEnrichment Server Log4j Patch,https://support.esri.com/en-us/patches-updates/2022/arcgis-geoenrichment-server-log4j-patch-8026,,yes,1,0
ARCGIS-SERVER-MAP-SERVICE-SECURITY-2022-,ArcGIS Server,2022,2022-07-22,ArcGIS Server Map Service Security 2022 Update 1 Patch,https://support.esri.com/en-us/patches-updates/2022/arcgis-server-map-service-security-2022-update-1-patch-8042,,yes,1,0
ARCGIS-SERVER-SECURITY-2022-UPDATE-1-PAT,ArcGIS Server,2022,2022-09-01,ArcGIS Server Security 2022 Update 1 Patch,https://support.esri.com/en-us/patches-updates/2022/arcgis-server-security-2022-update-1-patch-8043,,yes,5,0
ARCGIS-SERVER-SECURITY-2022-UPDATE-2-PAT,ArcGIS Server,2022,2022-10-04,ArcGIS Server Security 2022 Update 2 Patch,https://support.esri.com/en-us/patches-updates/2022/arcgis-server-security-2022-update-2-patch-8064,,yes,1,0
PORTAL-FOR-ARCGIS-QUICKCAPTURE-SECURITY-,Portal for ArcGIS,2022,2022-10-10,Portal for ArcGIS QuickCapture Security Patch,https://support.esri.com/en-us/patches-updates/2022/portal-for-arcgis-quickcapture-security-patch-8051,,yes,1,0
ARCGIS-SERVER-DIRECTORY-TRAVERSAL-VULNER,ArcGIS Server,2022,2022-10-14,ArcGIS Server Directory Traversal Vulnerability Patch,https://support.esri.com/en-us/patches-updates/2022/arcgis-server-directory-traversal-vulnerability-patch-8063,,yes,1,0
ARCGIS-INSIGHTS-SECURITY-PATCH-FOR-ARCGI,ArcGIS Insights (Desktop),2023,2023-06-23,ArcGIS Insights Security Patch for ArcGIS Insights 2022.1,https://support.esri.com/en-us/patches-updates/2023/arcgis-insights-security-patch-for-arcgis-insights-2022-1-8104,,yes,1,0
ARCGIS-SERVER-SECURITY-2023-UPDATE-1-PAT,ArcGIS Server,2023,2023-07-20,ArcGIS Server Security 2023 Update 1 Patch,https://support.esri.com/en-us/patches-updates/2023/arcgis-server-security-2023-update-1-patch,,yes,2,0
ARCGIS-SERVER-MAP-AND-FEATURE-SERVICE-SE,ArcGIS Server,2023,2023-11-20,ArcGIS Server Map and Feature Service Security 2023 Update 1 Patch,https://support.esri.com/en-us/patches-updates/2023/arcgis-server-map-and-feature-service-security-2023-update-1-patch,,yes,1,0
PORTAL-FOR-ARCGIS-ENTERPRISE-SITES-SECUR,Portal for ArcGIS,2024,2024-03-21,Portal for ArcGIS Enterprise Sites Security Patch,https://support.esri.com/en-us/patches-updates/2023/portal-for-arcgis-enterprise-sites-security-patch,,yes,1,0
PORTAL-FOR-ARCGIS-SECURITY-2024-UPDATE-2,Portal for ArcGIS,2025,2025-01-14,Portal for ArcGIS Security 2024 Update 2 Patch,https://support.esri.com/en-us/patches-updates/2024/portal-for-arcgis-security-2024-update-2-patch,,yes,12,0
ARCGIS-SERVER-SECURITY-2025-UPDATE-1,ArcGIS Server,2025,2025-04-17,ArcGIS Server Security 2025 Update 1,https://support.esri.com/en-us/patches-updates/2025/arcgis-server-security-2025-update-1,,yes,25,0
PORTAL-FOR-ARCGIS-ENTERPRISE-SITES-SECUR,Portal for ArcGIS,2025,2025-08-07,Portal for ArcGIS Enterprise Sites Security 2025 Update 1 Patch,https://support.esri.com/en-us/patches-updates/2025/portal-for-arcgis-enterprise-sites-security-2025-update-1-patch,,yes,5,0
ARCGIS-SERVER-FEATURE-SERVICES-SECURITY-,ArcGIS Server,2025,2025-10-07,ArcGIS Server Feature Services Security Patch,https://support.esri.com/en-us/patches-updates/2025/arcgis-server-feature-services-security-patch,,yes,1,0
ARCGIS-WEB-ADAPTOR-IIS-STABILITY-PATCH,ArcGIS Web Adaptor,2025,2025-10-20,ArcGIS Web Adaptor (IIS) Stability Patch,https://support.esri.com/en-us/patches-updates/2025/arcgis-web-adaptor-iis-stability-patch,,partial,0,0
ARCGIS-SERVER-SECURITY-2025-UPDATE-2-PAT,ArcGIS Server,2025,2025-12-09,ArcGIS Server Security 2025 Update 2 Patch,https://support.esri.com/en-us/patches-updates/2025/arcgis-server-security-2025-update-2-patch,,yes,9,0
PORTAL-FOR-ARCGIS-SECURITY-2025-UPDATE-3,Portal for ArcGIS,2025,2025-12-11,Portal for ArcGIS Security 2025 Update 3 Patch,https://support.esri.com/en-us/patches-updates/2025/portal-for-arcgis-security-2025-update-3-patch,,yes,25,0
ARCGIS-DATA-STORE-11-5-RELIABILITY-PATCH,ArcGIS Data Store,2026,2026-02-10,ArcGIS Data Store 11.5 Reliability Patch,https://support.esri.com/en-us/patches-updates/2026/arcgis-data-store-11-5-reliability-patch,,partial,0,0
ARCGIS-WORKFLOW-MANAGER-SERVER-11-3-PATC,ArcGIS Workflow Manager Server,2026,2026-02-25,ArcGIS Workflow Manager Server 11.3 Patch 3,https://support.esri.com/en-us/patches-updates/2026/arcgis-workflow-manager-server-11-3-patch-3,,partial,0,1
ARCGIS-SERVER-SECURITY-2026-UPDATE-1-PAT,ArcGIS Server,2026,2026-05-04,ArcGIS Server Security 2026 Update 1 Patch,https://support.esri.com/en-us/patches-updates/2026/arcgis-server-security-2026-update-1-patch,,yes,2,0
ARCGIS-SERVER-SECURITY-2026-UPDATE-2-PAT,ArcGIS Server,2026,2026-05-27,ArcGIS Server Security 2026 Update 2 Patch,https://support.esri.com/en-us/patches-updates/2026/arcgis-server-security-2026-update-2-patch,,yes,2,0
PORTAL-FOR-ARCGIS-SECURITY-2025-UPDATE-2,Portal for ArcGIS,2026,2026-05-28,Portal for ArcGIS Security 2025 Update 2 Patch,https://support.esri.com/en-us/patches-updates/2025/portal-for-arcgis-security-2025-update-2-patch,,yes,1,0
PORTAL-FOR-ARCGIS-SECURITY-2026-UPDATE-1,Portal for ArcGIS,2026,2026-06-04,Portal for ArcGIS Security 2026 Update 1 Patch,https://support.esri.com/en-us/patches-updates/2026/portal-for-arcgis-security-2026-update-1-patch,,yes,2,0
PORTAL-FOR-ARCGIS-SECURITY-2026-UPDATE-2,Portal for ArcGIS,2026,2026-06-23,Portal for ArcGIS Security 2026 Update 2 Patch,https://support.esri.com/en-us/patches-updates/2026/portal-for-arcgis-security-2026-update-2-patch,,yes,1,0
ARCGIS-WORKFLOW-MANAGER-SERVER-11-5-PATC,ArcGIS Workflow Manager Server,2026,2026-07-21,ArcGIS Workflow Manager Server 11.5 Patch 1,https://support.esri.com/en-us/patches-updates/2026/arcgis-workflow-manager-server-11-5-patch-1,,partial,0,1
PORTAL-FOR-ARCGIS-SECURITY-2026-UPDATE-3,Portal for ArcGIS,2026,2026-08-04,Portal for ArcGIS Security 2026 Update 3 Patch,https://support.esri.com/en-us/patches-updates/2026/portal-for-arcgis-security-2026-update-3-patch,,yes,13,0
